model,roc_auc,brier
uncalibrated,0.8470355731225296,0.14701937287527647
platt_sigmoid,0.8472990777338604,0.14561283323005983
isotonic,0.8429512516469039,0.1443872535845744
