{
  "roc_auc": {
    "mean": 0.8520357864290148,
    "std": 0.02177106031284733
  },
  "f1": {
    "mean": 0.7242325101895855,
    "std": 0.023675720164419746
  }
}