metric,mean,std
roc_auc,0.8520357864290148,0.02177106031284733
f1,0.7242325101895855,0.023675720164419746
